<?xml version="1.0" encoding="UTF-8"?>
<beans xmlns="http://www.springframework.org/schema/beans"
	xmlns:xsi="http://www.w3.org/2001/XMLSchema-instance" xmlns:p="http://www.springframework.org/schema/p"
	xmlns:context="http://www.springframework.org/schema/context"
	xsi:schemaLocation="http://www.springframework.org/schema/beans  
               http://www.springframework.org/schema/beans/spring-beans-3.0.xsd
               http://www.springframework.org/schema/context 
  				 http://www.springframework.org/schema/context/spring-context-2.5.xsd">
	<context:annotation-config />
	<bean id="movieItemOne" class="com.cognizant.moviecruiser.model.MovieItem">
		<property name="id" value="1"></property>
		<property name="title" value="Avatar"></property>
		<property name="boxOffice" value="2787965087"></property>
		<property name="active" value="true"></property>
		<property name="dateOfLaunch" value="12/03/2017"></property>
		<property name="genre" value="Science Fiction"></property>
		<property name="hasTeaser" value="true"></property>
		<property name="imageLink"
			value="https://www.foxmovies.com/s3/56ba791b20287.jpg"></property>
	</bean>
	<bean id="movieItemTwo" class="com.cognizant.moviecruiser.model.MovieItem">
		<property name="id" value="2"></property>
		<property name="title" value="The Avengers"></property>
		<property name="boxOffice" value="1518812988"></property>
		<property name="active" value="true"></property>
		<property name="dateOfLaunch" value="08/12/2017"></property>
		<property name="genre" value="Superhero"></property>
		<property name="hasTeaser" value="false"></property>
		<property name="imageLink"
			value="https://m.media-amazon.com/images/M/MV5BMjMxNjY2MDU1OV5BMl5BanBnXkFtZTgwNzY1MTUwNTM@._V1_.jpg"></property>
	</bean>
	<bean id="movieItemThree" class="com.cognizant.moviecruiser.model.MovieItem">
		<property name="id" value="3"></property>
		<property name="title" value="Titanic"></property>
		<property name="boxOffice" value="2187463944"></property>
		<property name="active" value="true"></property>
		<property name="dateOfLaunch" value="08/08/2017"></property>
		<property name="genre" value="Romance"></property>
		<property name="hasTeaser" value="false"></property>
		<property name="imageLink"
			value="https://images-na.ssl-images-amazon.com/images/I/51cXzScT26L.jpg"></property>
	</bean>

	<bean id="movieItemFour" class="com.cognizant.moviecruiser.model.MovieItem">
		<property name="id" value="1"></property>
		<property name="title" value="Jurassic World"></property>
		<property name="boxOffice" value="1671713208"></property>
		<property name="active" value="false"></property>
		<property name="dateOfLaunch" value="02/07/2017"></property>
		<property name="genre" value="Science Fiction"></property>
		<property name="hasTeaser" value="true"></property>
		<property name="imageLink"
			value="https://images-na.ssl-images-amazon.com/images/I/71jHmuDFwfL._SY606_.jpg"></property>
	</bean>

	<bean id="movieItemFive" class="com.cognizant.moviecruiser.model.MovieItem">
		<property name="id" value="1"></property>
		<property name="title" value="Avengers:End Game"></property>
		<property name="boxOffice" value="2750760348"></property>
		<property name="active" value="true"></property>
		<property name="dateOfLaunch" value="02/11/2022"></property>
		<property name="genre" value="Superhero"></property>
		<property name="hasTeaser" value="true"></property>
		<property name="imageLink"
			value="https://m.media-amazon.com/images/M/MV5BMTc5MDE2ODcwNV5BMl5BanBnXkFtZTgwMzI2NzQ2NzM@._V1_.jpg"></property>
	</bean>

	<bean id="movieItemList" class="java.util.ArrayList">
		<constructor-arg>
			<list>
				<ref bean="movieItemOne" />
				<ref bean="movieItemTwo" />
				<ref bean="movieItemThree" />
				<ref bean="movieItemFour" />
				<ref bean="movieItemFive" />
			</list>
		</constructor-arg>
	</bean>
</beans>
