<?xml version="1.0" encoding="UTF-8"?>
<beans xmlns="http://www.springframework.org/schema/beans"
       xmlns:xsi="http://www.w3.org/2001/XMLSchema-instance"
       xsi:schemaLocation="http://www.springframework.org/schema/beans
        https://www.springframework.org/schema/beans/spring-beans.xsd">

       <bean id="menu1" class="com.cognizant.truyum.model.MenuItem"
              scope="prototype">
              <property name="id" value="1" />
              <property name="name" value="Sandwich" />
              <property name="price" value="99.00" />
              <property name="active" value="true" />
              <property name="dateOfLaunch" value="12/11/2015" />
              <property name="category" value="Starter" />
              <property name="freeDelivery" value="false" />
              <property name="image" value="https://images.unsplash.com/photo-1528735602780-2552fd46c7af?ixlib=rb-1.2.1&amp;ixid=eyJhcHBfaWQiOjEyMDd9&amp;auto=format&amp;fit=crop&amp;w=1353&amp;q=80"></property>
       </bean>

       <bean id="menu2" class="com.cognizant.truyum.model.MenuItem"
              scope="prototype">
              <property name="id" value="2" />
              <property name="name" value="Burger" />
              <property name="price" value="129.00" />
              <property name="active" value="true" />
              <property name="dateOfLaunch" value="12/01/2015" />
              <property name="category" value="Main Course" />
              <property name="freeDelivery" value="true" />
              <property name="image" value="https://images.unsplash.com/photo-1512152272829-e3139592d56f?ixlib=rb-1.2.1&amp;ixid=eyJhcHBfaWQiOjEyMDd9&amp;auto=format&amp;fit=crop&amp;w=1350&amp;q=800"></property>
       </bean>
       <bean id="menu3" class="com.cognizant.truyum.model.MenuItem"
              scope="prototype">
              <property name="id" value="3" />
              <property name="name" value="Pizza" />
              <property name="price" value="129.00" />
              <property name="active" value="true" />
              <property name="dateOfLaunch" value="07/05/2015" />
              <property name="category" value="Starter" />
              <property name="freeDelivery" value="false" />
              <property name="image" value="https://images.unsplash.com/photo-1534308983496-4fabb1a015ee?ixlib=rb-1.2.1&amp;ixid=eyJhcHBfaWQiOjEyMDd9&amp;auto=format&amp;fit=crop&amp;w=1355&amp;q=80"></property>
       </bean>
       <bean id="menu4" class="com.cognizant.truyum.model.MenuItem"
              scope="prototype">
              <property name="id" value="4" />
              <property name="name" value="French Fries" />
              <property name="price" value="99.00" />
              <property name="active" value="true" />
              <property name="dateOfLaunch" value="09/12/2015" />
              <property name="category" value="Starter" />
              <property name="freeDelivery" value="true" />
              <property name="image" value="https://images.unsplash.com/photo-1526230427044-d092040d48dc?ixlib=rb-1.2.1&amp;ixid=eyJhcHBfaWQiOjEyMDd9&amp;auto=format&amp;fit=crop&amp;w=1350&amp;q=80"></property>
       
       </bean>
       <bean id="menu5" class="com.cognizant.truyum.model.MenuItem"
              scope="prototype">
              <property name="id" value="5" />
              <property name="name" value="Chocholate Brownie" />
              <property name="price" value="46.00" />
              <property name="active" value="true" />
              <property name="dateOfLaunch" value="12/11/2025" />
              <property name="category" value="Dessert" />
              <property name="freeDelivery" value="false" />
              <property name="image" value="https://images.unsplash.com/photo-1564355808539-22fda35bed7e?ixlib=rb-1.2.1&amp;ixid=eyJhcHBfaWQiOjEyMDd9&amp;auto=format&amp;fit=crop&amp;w=1330&amp;q=80"></property>
       </bean>
       
       
       <bean id="menuList" class="java.util.ArrayList">
              <constructor-arg>
            <list>
            <ref bean="menu1"></ref>
                <ref bean="menu2"></ref>
                <ref bean="menu3"></ref>
                <ref bean="menu4"></ref>
                <ref bean="menu5"></ref>
            </list>
       </constructor-arg>
       </bean>


</beans>
